Dazzy Vance,/players/v/vanceda01.shtml,,Ed Walsh,/players/w/walshed01.shtml
Warren Spahn,/players/s/spahnwa01.shtml
Jackie Robinson,/players/r/robinja02.shtml
George Sisler,/players/s/sislege01.shtml
Mordecai Brown,/players/b/brownmo01.shtml
Harry Wright,/managers/wrighha01.shtml
Branch Rickey,/managers/rickebr01.shtml
Joe Medwick,/players/m/medwijo01.shtml
Lou Gehrig,/players/g/gehrilo01.shtml
Ned Hanlon,/players/h/hanlone01.shtml
Ray Brown,/nonmlbpa/brownra99.shtml
Rogers Hornsby,/players/h/hornsro01.shtml
Al Lopez,/players/l/lopezal01.shtml
Ernie Lombardi,/players/l/lombaer01.shtml
Sandy Koufax,/players/k/koufasa01.shtml
Richie Ashburn,/players/a/ashburi01.shtml
Rube Waddell,/players/w/wadderu01.shtml
Jim Bottomley,/players/b/bottoji01.shtml
John Clarkson,/players/c/clarkjo01.shtml
Johnny Evers,/players/e/eversjo01.shtml
Charlie Gehringer,/players/g/gehrich01.shtml
Bob Feller,/players/f/fellebo01.shtml
Billy Hamilton,/players/h/hamilbi01.shtml
Hal Newhouser,/players/n/newhoha01.shtml
Hack Wilson,/players/w/wilsoha01.shtml
Rabbit Maranville,/players/m/maranra01.shtml
George Kell,/players/k/kellge01.shtml
Sam Thompson,/players/t/thompsa01.shtml
Heinie Manush,/players/m/manushe01.shtml
Dizzy Dean,/players/d/deandi01.shtml
Vic Willis,/players/w/willivi01.shtml
Smokey Joe Williams,/nonmlbpa/willijo99.shtml
Roger Connor,/players/c/connoro01.shtml
Chick Hafey,/players/h/hafeych01.shtml
Al Kaline,/players/k/kalinal01.shtml
Tony Lazzeri,/players/l/lazzeto01.shtml
Billy Southworth,/players/s/southbi01.shtml
Robin Roberts,/players/r/roberro01.shtml
Al Simmons,/players/s/simmoal01.shtml
Whitey Ford,/players/f/fordwh01.shtml
Lou Boudreau,/players/b/boudrlo01.shtml
Duke Snider,/players/s/snidedu01.shtml
Roy Campanella,/players/c/camparo01.shtml
Ted Williams,/players/w/willite01.shtml
Ty Cobb,/players/c/cobbty01.shtml
Tim Keefe,/players/k/keefeti01.shtml
John Ward,/players/w/wardjo01.shtml
Bob Lemon,/players/l/lemonbo01.shtml
Bill Dickey,/players/d/dickebi01.shtml
Cy Young,/players/y/youngcy01.shtml
Sol White,/nonmlbpa/whiteso99.shtml
Joe Gordon,/players/g/gordojo01.shtml
Red Schoendienst,/players/s/schoere01.shtml
Hugh Duffy,/players/d/duffyhu01.shtml
Mickey Cochrane,/players/c/cochrmi01.shtml
Connie Mack,/managers/mackco01.shtml
Jesse Burkett,/players/b/burkeje01.shtml
Rube Marquard,/players/m/marquru01.shtml
Joe Tinker,/players/t/tinkejo01.shtml
Nellie Fox,/players/f/foxne01.shtml
Kid Nichols,/players/n/nichoki01.shtml
Earl Averill,/players/a/averiea01.shtml
Mickey Welch,/players/w/welchmi01.shtml
Travis Jackson,/players/j/jackstr01.shtml
Miller Huggins,/players/h/huggimi01.shtml
Bid McPhee,/players/m/mcphebi01.shtml
Joe Cronin,/players/c/cronijo01.shtml
Early Wynn,/players/w/wynnea01.shtml
Harry Hooper,/players/h/hoopeha01.shtml
Earle Combs,/players/c/combsea01.shtml
Pee Wee Reese,/players/r/reesepe01.shtml
Red Ruffing,/players/r/ruffire01.shtml
Hank Greenberg,/players/g/greenha01.shtml
Bill Terry,/players/t/terrybi01.shtml
Joe Sewell,/players/s/seweljo01.shtml
Enos Slaughter,/players/s/slaugen01.shtml
Max Carey,/players/c/careyma01.shtml
Roger Bresnahan,/players/b/bresnro01.shtml
Hank O'Day,/players/o/o'dayha01.shtml
Burleigh Grimes,/players/g/grimebu01.shtml
Larry Doby,/players/d/dobyla01.shtml
Johnny Mize,/players/m/mizejo01.shtml
Jimmie Foxx,/players/f/foxxji01.shtml
Joe DiMaggio,/players/d/dimagjo01.shtml
Phil Rizzuto,/players/r/rizzuph01.shtml
Dan Brouthers,/players/b/broutda01.shtml
Clark Griffith,/players/g/griffcl01.shtml
Stan Musial,/players/m/musiast01.shtml
Pud Galvin,/players/g/galvipu01.shtml
Deacon White,/players/w/whitede01.shtml
Ed Delahanty,/players/d/delahed01.shtml
Tommy McCarthy,/players/m/mccarto01.shtml
Satchel Paige,/players/p/paigesa01.shtml
Ted Lyons,/players/l/lyonste01.shtml
Willie Mays,/players/m/mayswi01.shtml
Lefty Grove,/players/g/grovele01.shtml
Hoyt Wilhelm,/players/w/wilheho01.shtml
Herb Pennock,/players/p/pennohe01.shtml
Walter Johnson,/players/j/johnswa01.shtml
Eppa Rixey,/players/r/rixeyep01.shtml
Cap Anson,/players/a/ansonca01.shtml
Casey Stengel,/managers/stengca01.shtml
Eddie Collins,/players/c/collied01.shtml
Waite Hoyt,/players/h/hoytwa01.shtml
Babe Ruth,/players/r/ruthba01.shtml
Bobby Wallace,/players/w/wallabo01.shtml
Carl Hubbell,/players/h/hubbeca01.shtml
Mickey Mantle,/players/m/mantlmi01.shtml
Red Faber,/players/f/faberre01.shtml
Pie Traynor,/players/t/traynpi01.shtml
Old Hoss Radbourn,/players/r/radboch01.shtml
Bobby Doerr,/players/d/doerrbo01.shtml
Frank Chance,/players/c/chancfr01.shtml
John McGraw,/managers/mcgrajo01.shtml
Paul Waner,/players/w/wanerpa01.shtml
King Kelly,/players/k/kellyki01.shtml
Rick Ferrell,/players/f/ferreri01.shtml
Chief Bender,/players/b/bendech01.shtml
Buck Ewing,/players/e/ewingbu01.shtml
Chuck Klein,/players/k/kleinch01.shtml
Amos Rusie,/players/r/rusieam01.shtml
Dick Williams,/managers/willidi02.shtml
Leo Durocher,/managers/durocle01.shtml
George Davis,/players/d/davisge01.shtml
Willie Keeler,/players/k/keelewi01.shtml
Luke Appling,/players/a/applilu01.shtml
Sam Crawford,/players/c/crawfsa01.shtml
Mel Ott,/players/o/ottme01.shtml
Frankie Frisch,/players/f/friscfr01.shtml
Honus Wagner,/players/w/wagneho01.shtml
Lloyd Waner,/players/w/wanerll01.shtml
Home Run Baker,/players/b/bakerfr01.shtml
Monte Irvin,/players/i/irvinmo01.shtml
Kiki Cuyler,/players/c/cuyleki01.shtml
Gabby Hartnett,/players/h/hartnga01.shtml
Tris Speaker,/players/s/speaktr01.shtml
Joe McCarthy,/managers/mccarjo99.shtml
Fred Clarke,/players/c/clarkfr01.shtml
Sam Rice,/players/r/ricesa01.shtml
Billy Williams,/players/w/willibi01.shtml
Yogi Berra,/players/b/berrayo01.shtml
Ralph Kiner,/players/k/kinerra01.shtml
Bucky Harris,/managers/harribu01.shtml
