Earle Combs,/collection/the-collection-online/search/407746?rpp=30&pg=1&ao=on&ft=Earle+Combs&what=Baseball+cards&pos=1Dazzy Vance,/collection/the-collection-online/search/407608?rpp=30&pg=1&ao=on&ft=Dazzy+Vance&what=Baseball+cards&pos=1
Leo Durocher,/collection/the-collection-online/search/664598?rpp=30&pg=1&ao=on&ft=Leo+Durocher&what=Baseball+cards&pos=6Pee Wee Reese,/collection/the-collection-online/search/669939?rpp=30&pg=1&ao=on&ft=Pee+Wee+Reese&what=Baseball+cards&pos=2
Roger Connor,/collection/the-collection-online/search/402236?rpp=30&pg=1&ao=on&ft=Roger+Connor&what=Baseball+cards&pos=4
Mickey Welch,/collection/the-collection-online/search/402418?rpp=30&pg=1&ao=on&ft=Mickey+Welch&what=Baseball+cards&pos=3
Ed Walsh,/collection/the-collection-online/search/403313?rpp=30&pg=1&ao=on&ft=Ed+Walsh&what=Baseball+cards&pos=1
Hank Greenberg,/collection/the-collection-online/search/412619?rpp=30&pg=1&ao=on&ft=Hank+Greenberg&what=Baseball+cards&pos=5
Waite Hoyt,/collection/the-collection-online/search/428994?rpp=30&pg=1&ao=on&ft=Waite+Hoyt&what=Baseball+cards&pos=2
Bill Terry,/collection/the-collection-online/search/407628?rpp=30&pg=1&ao=on&ft=Bill+Terry&what=Baseball+cards&pos=3
Jackie Robinson,/collection/the-collection-online/search/641152?rpp=30&pg=1&ao=on&ft=Jackie+Robinson&what=Baseball+cards&pos=5
Earl Averill,/collection/the-collection-online/search/408181?rpp=30&pg=1&ao=on&ft=Earl+Averill&what=Baseball+cards&pos=1
George Sisler,/collection/the-collection-online/search/664736?rpp=30&pg=1&ao=on&ft=George+Sisler&what=Baseball+cards&pos=2
Joe Sewell,/collection/the-collection-online/search/408144?rpp=30&pg=1&ao=on&ft=Joe+Sewell&what=Baseball+cards&pos=1
Mordecai Brown,/collection/the-collection-online/search/434439?rpp=30&pg=1&ao=on&ft=Mordecai+Brown&what=Baseball+cards&pos=3
Al Simmons,/collection/the-collection-online/search/407677?rpp=30&pg=1&ao=on&ft=Al+Simmons&what=Baseball+cards&pos=5
Lou Gehrig,/collection/the-collection-online/search/677512?rpp=30&pg=1&ao=on&ft=Lou+Gehrig&what=Baseball+cards&pos=7
Paul Waner,/collection/the-collection-online/search/407666?rpp=30&pg=1&ao=on&ft=Paul+Waner&what=Baseball+cards&pos=4
Harry Wright,/collection/the-collection-online/search/402663?rpp=30&pg=1&ao=on&ft=Harry+Wright&what=Baseball+cards&pos=3
Max Carey,/collection/the-collection-online/search/628852?rpp=30&pg=1&ao=on&ft=Max+Carey&what=Baseball+cards&pos=1
Mickey Cochrane,/collection/the-collection-online/search/407719?rpp=30&pg=1&ao=on&ft=Mickey+Cochrane&what=Baseball+cards&pos=4
Hank O'Day,/collection/the-collection-online/search/403093?rpp=30&pg=1&ao=on&ft=Hank+O%27Day&what=Baseball+cards&pos=4
Branch Rickey,/collection/the-collection-online/search/671853?rpp=30&pg=1&ao=on&ft=Branch+Rickey&what=Baseball+cards&pos=1
Bobby Wallace,/collection/the-collection-online/search/401767?rpp=30&pg=1&ao=on&ft=Bobby+Wallace&what=Baseball+cards&pos=1
John Clarkson,/collection/the-collection-online/search/410135?rpp=30&pg=1&ao=on&ft=John+Clarkson&what=Baseball+cards&pos=1
Chick Hafey,/collection/the-collection-online/search/408280?rpp=30&pg=1&ao=on&ft=Chick+Hafey&what=Baseball+cards&pos=1
Phil Rizzuto,/collection/the-collection-online/search/633922?rpp=30&pg=1&ao=on&ft=Phil+Rizzuto&what=Baseball+cards&pos=7
Ned Hanlon,/collection/the-collection-online/search/404127?rpp=30&pg=1&ao=on&ft=Ned+Hanlon&what=Baseball+cards&pos=5
Ray Brown,/collection/the-collection-online/search/678299?rpp=30&pg=1&ao=on&ft=Ray+Brown&what=Baseball+cards&pos=7
Stan Musial,/collection/the-collection-online/search/677527?rpp=30&pg=1&ao=on&ft=Stan+Musial&what=Baseball+cards&pos=3
Clark Griffith,/collection/the-collection-online/search/403619?rpp=30&pg=1&ao=on&ft=Clark+Griffith&what=Baseball+cards&pos=6
Pud Galvin,/collection/the-collection-online/search/402759?rpp=30&pg=1&ao=on&ft=Pud+Galvin&what=Baseball+cards&pos=7
Al Lopez,/collection/the-collection-online/search/676957?rpp=30&pg=1&ao=on&ft=Al+Lopez&what=Baseball+cards&pos=4
Ernie Lombardi,/collection/the-collection-online/search/408281?rpp=30&pg=1&ao=on&ft=Ernie+Lombardi&what=Baseball+cards&pos=3
Ed Delahanty,/collection/the-collection-online/search/412469?rpp=30&pg=1&ao=on&ft=Ed+Delahanty&what=Baseball+cards&pos=6
Rube Marquard,/collection/the-collection-online/search/412498?rpp=30&pg=1&ao=on&ft=Rube+Marquard&what=Baseball+cards&pos=1
Sandy Koufax,/collection/the-collection-online/search/412727?rpp=30&pg=1&ao=on&ft=Sandy+Koufax&what=Baseball+cards&pos=1
Roger Bresnahan,/collection/the-collection-online/search/624652?rpp=30&pg=1&ao=on&ft=Roger+Bresnahan&what=Baseball+cards&pos=6
Richie Ashburn,/collection/the-collection-online/search/634535?rpp=30&pg=1&ao=on&ft=Richie+Ashburn&what=Baseball+cards&pos=10
Rube Waddell,/collection/the-collection-online/search/401637?rpp=30&pg=1&ao=on&ft=Rube+Waddell&what=Baseball+cards&pos=1
Willie Keeler,/collection/the-collection-online/search/677640?rpp=30&pg=1&ao=on&ft=Willie+Keeler&what=Baseball+cards&pos=2
Lefty Grove,/collection/the-collection-online/search/409638?rpp=30&pg=1&ao=on&ft=Lefty+Grove&what=Baseball+cards&pos=5
Joe DiMaggio,/collection/the-collection-online/search/677647?rpp=30&pg=1&ao=on&ft=Joe+DiMaggio&what=Baseball+cards&pos=7
Bob Feller,/collection/the-collection-online/search/670535?rpp=30&pg=1&ao=on&ft=Bob+Feller&what=Baseball+cards&pos=11
Billy Hamilton,/collection/the-collection-online/search/403491?rpp=30&pg=1&ao=on&ft=Billy+Hamilton&what=Baseball+cards&pos=5
Willie Mays,/collection/the-collection-online/search/402573?rpp=30&pg=1&ao=on&ft=Willie+Mays&what=Baseball+cards&pos=4
Bobby Doerr,/collection/the-collection-online/search/634652?rpp=30&pg=1&ao=on&ft=Bobby+Doerr&what=Baseball+cards&pos=5
Warren Spahn,/collection/the-collection-online/search/634000?rpp=30&pg=1&ao=on&ft=Warren+Spahn&what=Baseball+cards&pos=5
Hal Newhouser,/collection/the-collection-online/search/641706?rpp=30&pg=1&ao=on&ft=Hal+Newhouser&what=Baseball+cards&pos=1
Hack Wilson,/collection/the-collection-online/search/408172?rpp=30&pg=1&ao=on&ft=Hack+Wilson&what=Baseball+cards&pos=1
Rabbit Maranville,/collection/the-collection-online/search/409643?rpp=30&pg=1&ao=on&ft=Rabbit+Maranville&what=Baseball+cards&pos=2
Hoyt Wilhelm,/collection/the-collection-online/search/641500?rpp=30&pg=1&ao=on&ft=Hoyt+Wilhelm&what=Baseball+cards&pos=3
George Kell,/collection/the-collection-online/search/671439?rpp=30&pg=1&ao=on&ft=George+Kell&what=Baseball+cards&pos=9
Dizzy Dean,/collection/the-collection-online/search/408224?rpp=30&pg=1&ao=on&ft=Dizzy+Dean&what=Baseball+cards&pos=2
Tris Speaker,/collection/the-collection-online/search/624882?rpp=30&pg=1&ao=on&ft=Tris+Speaker&what=Baseball+cards&pos=6
Enos Slaughter,/collection/the-collection-online/search/634645?rpp=30&pg=1&ao=on&ft=Enos+Slaughter&what=Baseball+cards&pos=9
Herb Pennock,/collection/the-collection-online/search/407774?rpp=30&pg=1&ao=on&ft=Herb+Pennock&what=Baseball+cards&pos=1
Walter Johnson,/collection/the-collection-online/search/624904?rpp=30&pg=1&ao=on&ft=Walter+Johnson&what=Baseball+cards&pos=4
Joe Tinker,/collection/the-collection-online/search/434498?rpp=30&pg=1&ao=on&ft=Joe+Tinker&what=Baseball+cards&pos=2
Buck Ewing,/collection/the-collection-online/search/402276?rpp=30&pg=1&ao=on&ft=Buck+Ewing&what=Baseball+cards&pos=11
Connie Mack,/collection/the-collection-online/search/663211?rpp=30&pg=1&ao=on&ft=Connie+Mack&what=Baseball+cards&pos=7
Travis Jackson,/collection/the-collection-online/search/407745?rpp=30&pg=1&ao=on&ft=Travis+Jackson&what=Baseball+cards&pos=1
Vic Willis,/collection/the-collection-online/search/401638?rpp=30&pg=1&ao=on&ft=Vic+Willis&what=Baseball+cards&pos=1
Whitey Ford,/collection/the-collection-online/search/412631?rpp=30&pg=1&ao=on&ft=Whitey+Ford&what=Baseball+cards&pos=5
Casey Stengel,/collection/the-collection-online/search/664595?rpp=30&pg=1&ao=on&ft=Casey+Stengel&what=Baseball+cards&pos=3
Jimmie Foxx,/collection/the-collection-online/search/407631?rpp=30&pg=1&ao=on&ft=Jimmie+Foxx&what=Baseball+cards&pos=9
Frank Chance,/collection/the-collection-online/search/434440?rpp=30&pg=1&ao=on&ft=Frank+Chance&what=Baseball+cards&pos=4
Gabby Hartnett,/collection/the-collection-online/search/408189?rpp=30&pg=1&ao=on&ft=Gabby+Hartnett&what=Baseball+cards&pos=1
Red Faber,/collection/the-collection-online/search/407725?rpp=30&pg=1&ao=on&ft=Red+Faber&what=Baseball+cards&pos=1
Al Kaline,/collection/the-collection-online/search/642768?rpp=30&pg=1&ao=on&ft=Al+Kaline&what=Baseball+cards&pos=2
Tony Lazzeri,/collection/the-collection-online/search/407673?rpp=30&pg=1&ao=on&ft=Tony+Lazzeri&what=Baseball+cards&pos=1
Billy Southworth,/collection/the-collection-online/search/667766?rpp=30&pg=1&ao=on&ft=Billy+Southworth&what=Baseball+cards&pos=1
Robin Roberts,/collection/the-collection-online/search/663262?rpp=30&pg=1&ao=on&ft=Robin+Roberts&what=Baseball+cards&pos=5
John McGraw,/collection/the-collection-online/search/408225?rpp=30&pg=1&ao=on&ft=John+McGraw&what=Baseball+cards&pos=4
Home Run Baker,/collection/the-collection-online/search/671426?rpp=30&pg=1&ao=on&ft=Home+Run+Baker&what=Baseball+cards&pos=30
Larry Doby,/collection/the-collection-online/search/663269?rpp=30&pg=1&ao=on&ft=Larry+Doby&what=Baseball+cards&pos=6
Old Hoss Radbourn,/collection/the-collection-online/search/401447?rpp=30&pg=1&ao=on&ft=Old+Hoss+Radbourn&what=Baseball+cards&pos=5
George Davis,/collection/the-collection-online/search/408214?rpp=30&pg=1&ao=on&ft=George+Davis&what=Baseball+cards&pos=1
Chief Bender,/collection/the-collection-online/search/412488?rpp=30&pg=1&ao=on&ft=Chief+Bender&what=Baseball+cards&pos=3
Carl Hubbell,/collection/the-collection-online/search/412613?rpp=30&pg=1&ao=on&ft=Carl+Hubbell&what=Baseball+cards&pos=9
Lou Boudreau,/collection/the-collection-online/search/665690?rpp=30&pg=1&ao=on&ft=Lou+Boudreau&what=Baseball+cards&pos=6
Rick Ferrell,/collection/the-collection-online/search/408184?rpp=30&pg=1&ao=on&ft=Rick+Ferrell&what=Baseball+cards&pos=2
Duke Snider,/collection/the-collection-online/search/634494?rpp=30&pg=1&ao=on&ft=Duke+Snider&what=Baseball+cards&pos=6
Roy Campanella,/collection/the-collection-online/search/666083?rpp=30&pg=1&ao=on&ft=Roy+Campanella&what=Baseball+cards&pos=6
Ted Williams,/collection/the-collection-online/search/417257?rpp=30&pg=1&ao=on&ft=Ted+Williams&what=Baseball+cards&pos=5
Ty Cobb,/collection/the-collection-online/search/677639?rpp=30&pg=1&ao=on&ft=Ty+Cobb&what=Baseball+cards&pos=9
Heinie Manush,/collection/the-collection-online/search/407689?rpp=30&pg=1&ao=on&ft=Heinie+Manush&what=Baseball+cards&pos=2
Tim Keefe,/collection/the-collection-online/search/402344?rpp=30&pg=1&ao=on&ft=Tim+Keefe&what=Baseball+cards&pos=12
John Ward,/collection/the-collection-online/search/410133?rpp=30&pg=1&ao=on&ft=John+Ward&what=Baseball+cards&pos=10
Bill Dickey,/collection/the-collection-online/search/667944?rpp=30&pg=1&ao=on&ft=Bill+Dickey&what=Baseball+cards&pos=2
Pie Traynor,/collection/the-collection-online/search/407630?rpp=30&pg=1&ao=on&ft=Pie+Traynor&what=Baseball+cards&pos=2
Chuck Klein,/collection/the-collection-online/search/407764?rpp=30&pg=1&ao=on&ft=Chuck+Klein&what=Baseball+cards&pos=3
Bob Lemon,/collection/the-collection-online/search/663336?rpp=30&pg=1&ao=on&ft=Bob+Lemon&what=Baseball+cards&pos=5
Cy Young,/collection/the-collection-online/search/401649?rpp=30&pg=1&ao=on&ft=Cy+Young&what=Baseball+cards&pos=1
Tommy McCarthy,/collection/the-collection-online/search/402629?rpp=30&pg=1&ao=on&ft=Tommy+McCarthy&what=Baseball+cards&pos=10
Eppa Rixey,/collection/the-collection-online/search/407717?rpp=30&pg=1&ao=on&ft=Eppa+Rixey&what=Baseball+cards&pos=1
Joe Gordon,/collection/the-collection-online/search/667780?rpp=30&pg=1&ao=on&ft=Joe+Gordon&what=Baseball+cards&pos=2
Amos Rusie,/collection/the-collection-online/search/402069?rpp=30&pg=1&ao=on&ft=Amos+Rusie&what=Baseball+cards&pos=4
Dick Williams,/collection/the-collection-online/search/641442?rpp=30&pg=1&ao=on&ft=Dick+Williams&what=Baseball+cards&pos=1
Red Schoendienst,/collection/the-collection-online/search/663508?rpp=30&pg=1&ao=on&ft=Red+Schoendienst&what=Baseball+cards&pos=6
King Kelly,/collection/the-collection-online/search/410134?rpp=30&pg=1&ao=on&ft=King+Kelly&what=Baseball+cards&pos=2
Dan Brouthers,/collection/the-collection-online/search/404355?rpp=30&pg=1&ao=on&ft=Dan+Brouthers&what=Baseball+cards&pos=4
Hugh Duffy,/collection/the-collection-online/search/401714?rpp=30&pg=1&ao=on&ft=Hugh+Duffy&what=Baseball+cards&pos=6
Johnny Evers,/collection/the-collection-online/search/418311?rpp=30&pg=1&ao=on&ft=Johnny+Evers&what=Baseball+cards&pos=1
Early Wynn,/collection/the-collection-online/search/633934?rpp=30&pg=1&ao=on&ft=Early+Wynn&what=Baseball+cards&pos=8
Honus Wagner,/collection/the-collection-online/search/413556?rpp=30&pg=1&ao=on&ft=Honus+Wagner&what=Baseball+cards&pos=1
Jim Bottomley,/collection/the-collection-online/search/407686?rpp=30&pg=1&ao=on&ft=Jim+Bottomley&what=Baseball+cards&pos=1
Rogers Hornsby,/collection/the-collection-online/search/677654?rpp=30&pg=1&ao=on&ft=Rogers+Hornsby&what=Baseball+cards&pos=3
Mickey Mantle,/collection/the-collection-online/search/675571?rpp=30&pg=1&ao=on&ft=Mickey+Mantle&what=Baseball+cards&pos=5
Jesse Burkett,/collection/the-collection-online/search/629137?rpp=30&pg=1&ao=on&ft=Jesse+Burkett&what=Baseball+cards&pos=2
Cap Anson,/collection/the-collection-online/search/410138?rpp=30&pg=1&ao=on&ft=Cap+Anson&what=Baseball+cards&pos=2
Luke Appling,/collection/the-collection-online/search/663267?rpp=30&pg=1&ao=on&ft=Luke+Appling&what=Baseball+cards&pos=2
Nellie Fox,/collection/the-collection-online/search/671857?rpp=30&pg=1&ao=on&ft=Nellie+Fox&what=Baseball+cards&pos=1
Harry Hooper,/collection/the-collection-online/search/626969?rpp=30&pg=1&ao=on&ft=Harry+Hooper&what=Baseball+cards&pos=1
Sam Crawford,/collection/the-collection-online/search/401566?rpp=30&pg=1&ao=on&ft=Sam+Crawford&what=Baseball+cards&pos=1
Mel Ott,/collection/the-collection-online/search/412618?rpp=30&pg=1&ao=on&ft=Mel+Ott&what=Baseball+cards&pos=1
Fred Clarke,/collection/the-collection-online/search/624673?rpp=30&pg=1&ao=on&ft=Fred+Clarke&what=Baseball+cards&pos=4
Lloyd Waner,/collection/the-collection-online/search/408143?rpp=30&pg=1&ao=on&ft=Lloyd+Waner&what=Baseball+cards&pos=1
Ted Lyons,/collection/the-collection-online/search/407613?rpp=30&pg=1&ao=on&ft=Ted+Lyons&what=Baseball+cards&pos=1
Johnny Mize,/collection/the-collection-online/search/634713?rpp=30&pg=1&ao=on&ft=Johnny+Mize&what=Baseball+cards&pos=4
Monte Irvin,/collection/the-collection-online/search/666437?rpp=30&pg=1&ao=on&ft=Monte+Irvin&what=Baseball+cards&pos=4
Kiki Cuyler,/collection/the-collection-online/search/407664?rpp=30&pg=1&ao=on&ft=Kiki+Cuyler&what=Baseball+cards&pos=3
Burleigh Grimes,/collection/the-collection-online/search/407707?rpp=30&pg=1&ao=on&ft=Burleigh+Grimes&what=Baseball+cards&pos=1
Babe Ruth,/collection/the-collection-online/search/412620?rpp=30&pg=1&ao=on&ft=Babe+Ruth&what=Baseball+cards&pos=6
Joe McCarthy,/collection/the-collection-online/search/666439?rpp=30&pg=1&ao=on&ft=Joe+McCarthy&what=Baseball+cards&pos=1
Miller Huggins,/collection/the-collection-online/search/428994?rpp=30&pg=1&ao=on&ft=Miller+Huggins&what=Baseball+cards&pos=3
Bid McPhee,/collection/the-collection-online/search/403157?rpp=30&pg=1&ao=on&ft=Bid+McPhee&what=Baseball+cards&pos=6
Sol White,/collection/the-collection-online/search/667882?rpp=30&pg=1&ao=on&ft=Sol+White&what=Baseball+cards&pos=1
Joe Cronin,/collection/the-collection-online/search/417257?rpp=30&pg=1&ao=on&ft=Joe+Cronin&what=Baseball+cards&pos=4
Satchel Paige,/collection/the-collection-online/search/402572?rpp=30&pg=1&ao=on&ft=Satchel+Paige&what=Baseball+cards&pos=2
Eddie Collins,/collection/the-collection-online/search/407684?rpp=30&pg=1&ao=on&ft=Eddie+Collins&what=Baseball+cards&pos=2
Sam Rice,/collection/the-collection-online/search/407770?rpp=30&pg=1&ao=on&ft=Sam+Rice&what=Baseball+cards&pos=1
Billy Williams,/collection/the-collection-online/search/403043?rpp=30&pg=1&ao=on&ft=Billy+Williams&what=Baseball+cards&pos=27
Ralph Kiner,/collection/the-collection-online/search/641584?rpp=30&pg=1&ao=on&ft=Ralph+Kiner&what=Baseball+cards&pos=6
Bucky Harris,/collection/the-collection-online/search/670225?rpp=30&pg=1&ao=on&ft=Bucky+Harris&what=Baseball+cards&pos=4
Yogi Berra,/collection/the-collection-online/search/671475?rpp=30&pg=1&ao=on&ft=Yogi+Berra&what=Baseball+cards&pos=7
